{
    "currencies":[
        {
            "id":"1",
            "name":"USD",
            "symbol":"$"
        },
        {
            "id":"2",
            "name":"EUR",
            "symbol":"€"
        },
        {
            "id":"3",
            "name":"GBP",
            "symbol":"£"
        },
        {
            "id":"4",
            "name":"INR",
            "symbol":"₹"
        }
    ],
    "all_tags":["electronics","home appliance", "tag1", "tag2", "tag3", "donations"],
    "products":
    [
        {
            "id":"1",
            "name":"Product 1",
            "description":"This is product 1",
            "image":"http://www.example.com/image1.jpg",
            "tags":["tag1","tag2","electronics","home appliance"],
            "currency_id":"1",
            "options":[
                {
                    "id":"1",
                    "name":"Option 1",
                    "price":"10",
                    "description":"This is option 1"
                },
                {
                    "id":"2",
                    "name":"Option 2",
                    "price":"20",
                    "description":"This is option 2"
                },
                {
                    "id":"3",
                    "name":"Custom",
                    "price":"20",
                    "min":1,
                    "max":100,
                    "description":"This is custom option, make your own voucher"
                }
            ]
        },
        {
            "id":"2",
            "name":"Product 2",
            "description":"This is product 2",
            "image":"http://www.example.com/image2.jpg",
            "tags":["tag3","electronics"],
            "currency_id":"2",
            "options":[
                {
                    "id":"4",
                    "name":"Option 1",
                    "price":"15",
                    "description":"This is option 1 for Product 2"
                },
                {
                    "id":"5",
                    "name":"Option 2",
                    "price":"25",
                    "description":"This is option 2 for Product 2"
                }
            ]
        },
        {
            "id":"3",
            "name":"Product 3",
            "description":"This is product 3",
            "image":"http://www.example.com/image3.jpg",
            "tags":["tag1","tag2","home appliance"],
            "currency_id":"3",
            "options":[
                {
                    "id":"6",
                    "name":"Option 1",
                    "price":"12",
                    "description":"This is option 1 for Product 3"
                },
                {
                    "id":"7",
                    "name":"Option 2",
                    "price":"22",
                    "description":"This is option 2 for Product 3"
                }
            ]
        }
    ]
}