{
    "id": "PROCESSINGSTS",
    "sku": "PROCESSINGSTS",
    "categoryId": "121",
    "productDetails": {
        "id": "328",
        "sku": "PROCESSINGSTS",
        "name": "API TESTING - Processing Status",
        "description": "API TESTING - Processing Status",
        "price": {
            "price": "RANGE",
            "type": "RANGE",
            "min": "10",
            "max": "100000",
            "denominations": [
                "100",
                "200",
                "300",
                "400",
                "500",
                "600",
                "1000",
                "10000"
            ],
            "currency": {
                "code": "INR",
                "symbol": "₹",
                "numericCode": "356"
            }
        },
        "kycEnabled": "0",
        "allowed_fulfillments": [],
        "metaInformation": {},
        "type": "DIGITAL",
        "schedulingEnabled": false,
        "currency": "356",
        "images": {
            "thumbnail": "https://gbdev.s3.amazonaws.com/uat/product/PROCESSINGSTS/d/thumbnail/328_microsite.jpg",
            "mobile": "https://gbdev.s3.amazonaws.com/uat/product/PROCESSINGSTS/d/mobile/328_microsite.jpg",
            "base": "",
            "small": "https://gbdev.s3.amazonaws.com/uat/product/PROCESSINGSTS/d/small_image/328_microsite.jpg"
        },
        "tnc": {
            "link": "https://woohooqa.app.link/e/p69LJB74kqb",
            "content": "<ol>\r\n<li>The Gift card is valid for purchases made from Makemytrip only and is valid for a period of 12 Months from the date of Purchase.</li>\r\n<ul>For Flights, Hotels & Holidays:\r\n<ul><li>Can be redeemed online at www.makemytrip.com or on MakeMyTrip Android & IOS app. Please follow the steps listed below:\r\n<ul><li>Select your Flight/ Hotel and fill required details till you reach the payment page.</ul></li>\r\n<ul><li>On Website, click on \"More options\" and Select \"Gift Card\" as your Payment Mode. On Android and IOS app, choose Gift Card as the payment option</ul></li>\r\n<ul><li>Enter your Gift Card/ Card No. (16 Digit) and 6 Digit Pin No.</ul></li>\r\n<ul><li>Click on \"Make Payment\" and Pay the Balance amount (if any) using other Payment Modes Listed.</ul></li>\r\n<ul><li>Flights & Hotels are not redeemable offline.</ul></li></ul></li>\r\n<ul><li>For redeeming Holidays offline through our Holiday Experts :\r\n<ul><li>Please call on the understated number to redeem the card.</ul></li>\r\n<ul><li>Domestic Holiday packages: 9599595601</ul></li>\r\n<ul><li>International Holiday packages: 9599595618</ul></li>\r\n<ul><li>Alternatively you can also write on gifts@makemytrip.com</ul></li>\r\n<ul><li>You can also visit the MakeMyTrip Branches to redeem.</ul></li></ul></li></ul>\r\n<li>This Gift card is not valid on Bus, Rail and Car bookings. </li>\r\n<li>Gift cards are valid on bookings made through MMT Mobile App. </li>\r\n<li>In case of transaction failures after Gift Card is applied, amount would be automatically refunded to the same cards within 24 hours.</li>\r\n<li>This Gift card/voucher cannot be clubbed with any other ongoing offer discount/cash back/promotion run by Makemytrip.com on app or website.</li> \r\n<li>This Gift card is valid for partial redemption. Balance would remain in the Gift Card till the validity period and can be reused for multiple transactions.</li>\r\n<li>Multiple Gift Cards (up to 3) can be combined and used on 1 transaction.</li>\r\n<li>Products and services are subject to availability.   </li>\r\n<li>The Gift card cannot be cancelled or exchanged for cash. </li>\r\n<li>The Gift card validity cannot be extended under any circumstances.</li>\r\n<li>Gift Card code/Physical copy or both to be provided at the time of booking along with an ID proof for the offline redemption. </li>\r\n<li>MakeMyTrip is not responsible if the Gift card is lost, stolen or used without permission. </li>\r\n<li>In case of cancellation of bookings made using the gift card within the validity period, the amount will be reversed to the same card as used at the time of \r\nbooking. </li>\r\n<li>Users are required to save the gift card number and PIN to utilize this refunded amount as we will not be able to reset the PIN or reissue a new gift card \r\nnumber.</li>\r\n<li>In case of cancellations where the gift card validity has expired, no refund will be processed for the amount paid by the gift card.</li>\r\n<li>MakeMyTrip is the final authority on the interpretation of these rules </li>\r\n<li>MakeMyTrip reserves the right to deny accepting any Gift card if it suspects that there is duplicity of cards. </li>\r\n<li>In no event the liability of MakeMyTrip for any claims shall exceed the value of the card. </li>\r\n<li>In the event of any dispute, parties agree to exclusive jurisdiction of courts of New Delhi. </li>\r\n<li>This is for individual use only, Travel agents found using the card would lead to cancellation of booking and no refund would be made.</li>\r\n</ol>"
        },
        "categories": [
            4,
            7,
            107,
            119,
            121,
            122,
            133,
            145,
            156,
            178,
            207,
            214,
            271,
            291,
            411
        ],
        "themes": [
            {
                "sku": "best_wishes",
                "price": "0.0000",
                "image": "https://static-uat.woohoo.in/media/catalog/customoptions/best_wishes_thumnail.jpeg"
            },
            {
                "sku": "congo",
                "price": "0.0000",
                "image": "https://static-uat.woohoo.in/media/catalog/customoptions/congo_thumnail.jpeg"
            },
            {
                "sku": "thanku",
                "price": "0.0000",
                "image": "https://static-uat.woohoo.in/media/catalog/customoptions/thanku_thumnail.jpeg"
            },
            {
                "sku": "wedding",
                "price": "0.0000",
                "image": "https://static-uat.woohoo.in/media/catalog/customoptions/wedding_thumnail.jpeg"
            },
            {
                "sku": "valentine",
                "price": "0.0000",
                "image": "https://static-uat.woohoo.in/media/catalog/customoptions/valentine_thumnail.jpeg"
            }
        ],
        "reloadCardNumber": false,
        "expiry": "1 Year from the Date of Expiry",
        "discounts": [],
        "relatedProducts": [
            {
                "sku": "CNPIN",
                "name": "API TESTING - CN & PIN",
                "type": "DIGITAL",
                "url": "api-testing-cn-pin",
                "images": {
                    "thumbnail": "https://gbdev.s3.amazonaws.com/uat/product/CNPIN/d/thumbnail/324_microsite.png",
                    "mobile": "https://gbdev.s3.amazonaws.com/uat/product/CNPIN/d/mobile/324_microsite.png",
                    "base": "https://gbdev.s3.amazonaws.com/uat/product/CNPIN/d/image/324_microsite.png",
                    "small": "https://gbdev.s3.amazonaws.com/uat/product/CNPIN/d/small_image/324_microsite.png"
                }
            }
        ],
        "brandName": "API TESTING SIT",
        "etaMessage": "",
        "payout": {
            "enabled": true,
            "payment_methods": [
                "svc"
            ],
            "account_types": [
                "BANK_ACCOUNT",
                "UPI"
            ],
            "transaction_types": [
                "IMPS",
                "NEFT",
                "UPI"
            ],
            "maximum_beneficiaries": "1",
            "validation": {
                "amount": "1",
                "edit_beneficiary": true
            }
        },
        "createdAt": "2018-07-26T07:30:36+00:00",
        "updatedAt": "2024-06-18T13:37:37+00:00",
        "cpg": {
            "barcode": {
                "encoding": "CA128"
            },
            "redemptionTerms": []
        }
    }
}