{
    "currencies": [
        {
            "id": "1",
            "name": "INR",
            "symbol": "₹"
        }
    ],
    "allTags": [
        "tag3"
    ],
    "vouchers": [
        {
            "sku": "PL-GC-002",
            "name": "Product 2",
            "description": "This is product 2",
            "image": "http://www.example.com/image2.jpg",
            "currencyID": "2",
            "tnc": "test tnc data-2",
            //** new field */
            "tncurl": "https://woohooqa.app.link/e/p69LJB74kqb",
            "tags": [
                "tag3",
                "electronics"
            ],
            "denominations": [
                100,
                200,
                500,
                1000
            ]
        }
    ]
}