{
    "products": {
        "CNPIN": {
            "sku": "CNPIN",
            "name": "API TESTING - CN & PIN",
            "balanceEnquiryInstruction": null,
            "specialInstruction": "",
            "images": {
                "thumbnail": "https://gbdev.s3.amazonaws.com/uat/product/CNPIN/d/thumbnail/324_microsite.png",
                "mobile": "https://gbdev.s3.amazonaws.com/uat/product/CNPIN/d/mobile/324_microsite.png",
                "base": "https://gbdev.s3.amazonaws.com/uat/product/CNPIN/d/image/324_microsite.png",
                "small": "https://gbdev.s3.amazonaws.com/uat/product/CNPIN/d/small_image/324_microsite.png"
            },
            "cardBehaviour": "QC"
        }
    },
    "cards": [
        {
            "sku": "CNPIN",
            "productName": "API TESTING - CN & PIN",
            "labels": {
                "cardNumber": "Card Number",
                "cardPin": "Card PIN",
                "activationCode": "",
                "validity": "Validity"
            },
            "cardNumber": "8090920016055778",
            "cardPin": "184553",
            "activationCode": null,
            "barcode": "18009019220081620525767803",
            "activationUrl": null,
            "formats": [],
            "amount": "100.00",
            "validity": "2025-06-29T18:30:00+00:00",
            "issuanceDate": "2024-06-30T03:38:16+00:00",
            "cardId": 2040862,
            "recipientDetails": {
                "salutation": null,
                "name": "SUMAN BHATT",
                "firstname": "SUMAN",
                "lastname": "BHATT",
                "email": "SUMAN@IMAGINEI.IN",
                "mobileNumber": "+919818236314",
                "status": "",
                "failureReason": "",
                "delivery": {
                    "mode": "API",
                    "status": {
                        "sms": {
                            "status": "NA",
                            "reason": "NA"
                        },
                        "email": {
                            "status": "NA",
                            "reason": "NA"
                        }
                    }
                }
            },
            "theme": ""
        }
    ],
    "currency": {
        "code": "INR",
        "numericCode": "356",
        "symbol": "₹"
    },
    "deliveryMode": "API",
    "delivery": {
        "summary": {
            "inProgress": 0,
            "sent": 0,
            "delivered": 0,
            "failed": 0,
            "email": {
                "totalCount": 0,
                "delivered": 0,
                "failed": 0,
                "inProgress": 0
            },
            "sms": {
                "totalCount": 0,
                "delivered": 0,
                "failed": 0,
                "inProgress": 0
            },
            "totalCardsCount": 0
        }
    },
    "total_cards": 1
}