{
	"info": {
		"_postman_id": "d74f42c9-2044-47f2-9576-f7a6a56de648",
		"name": "SampleController API",
		"description": "Postman collection for SampleController API",
		"schema": "https://schema.getpostman.com/json/collection/v2.1.0/collection.json",
		"_exporter_id": "5621345"
	},
	"item": [
		{
			"name": "Create TestEntity",
			"request": {
				"method": "POST",
				"header": [
					{
						"key": "Content-Type",
						"value": "application/json"
					}
				],
				"body": {
					"mode": "raw",
					"raw": "{\n  \"id\": \"1\",\n  \"name\": \"Sample Name\"\n}"
				},
				"url": {
					"raw": "http://localhost:8080/api/sample",
					"protocol": "http",
					"host": [
						"localhost"
					],
					"port": "8080",
					"path": [
						"api",
						"sample"
					]
				}
			},
			"response": []
		},
		{
			"name": "Get TestEntity by ID",
			"request": {
				"method": "GET",
				"header": [],
				"url": {
					"raw": "http://localhost:8080/api/sample/1",
					"protocol": "http",
					"host": [
						"localhost"
					],
					"port": "8080",
					"path": [
						"api",
						"sample",
						"1"
					]
				}
			},
			"response": []
		},
		{
			"name": "Get All TestEntities",
			"request": {
				"method": "GET",
				"header": [],
				"url": {
					"raw": "http://localhost:8080/api/sample",
					"protocol": "http",
					"host": [
						"localhost"
					],
					"port": "8080",
					"path": [
						"api",
						"sample"
					]
				}
			},
			"response": []
		},
		{
			"name": "Delete TestEntity by ID",
			"request": {
				"method": "DELETE",
				"header": [],
				"url": {
					"raw": "http://localhost:8080/api/sample/1",
					"protocol": "http",
					"host": [
						"localhost"
					],
					"port": "8080",
					"path": [
						"api",
						"sample",
						"1"
					]
				}
			},
			"response": []
		}
	]
}