{
	"id": "27e50cf0-4043-4c7d-9391-cc4d26328f7a",
	"name": "OAuth 2.0",
	"values": [
		{
			"key": "host",
			"value": "",
			"enabled": true
		},
		{
			"key": "clientId",
			"value": "",
			"enabled": true
		},
		{
			"key": "clientSecret",
			"value": "",
			"enabled": true
		},
		{
			"key": "username",
			"value": "",
			"enabled": true
		},
		{
			"key": "password",
			"value": "",
			"enabled": true
		},
		{
			"key": "authorizationCode",
			"value": "",
			"enabled": true
		},
		{
			"key": "bearerToken",
			"value": "",
			"enabled": true
		},
		{
			"key": "dateAtClient",
			"value": "",
			"enabled": true
		},
		{
			"key": "signature",
			"value": "",
			"enabled": true
		}
	],
	"_postman_variable_scope": "environment",
	"_postman_exported_at": "2021-11-17T06:56:57.277Z",
	"_postman_exported_using": "Postman/8.12.1"
}