{
	"info": {
		"_postman_id": "e1bb0420-5631-47f9-94be-bb64d0bff1a4",
		"name": "QwikGIFTS API",
		"description": "- In this protocol authentication is done via Authorization header and the header will contain Bearer token.\n- The Api endpoints remain unchanged, based on the header OAuth1/OAuth2 authentications are initited.\n- Along with bearer header partners are expected to mandatorily send `dateAtClient` and `signature` headers, which are used to check API integrity between Woohoo server and Partner.\n- Authentication via Oauth2.0 section describes the requests required to genarate Bearer token.",
		"schema": "https://schema.getpostman.com/json/collection/v2.1.0/collection.json"
	},
	"item": [
		{
			"name": "Generate Authorization Code",
			"event": [
				{
					"listen": "test",
					"script": {
						"type": "text/javascript",
						"exec": [
							"pm.test(\"Status code is 200\", function () {",
							"    pm.response.to.have.status(200);",
							"    let res = JSON.parse(responseBody);",
							"    pm.environment.set(\"authorizationCode\", res.authorizationCode);",
							"});"
						]
					}
				}
			],
			"request": {
				"auth": {
					"type": "bearer",
					"bearer": [
						{
							"key": "token",
							"value": "",
							"type": "string"
						}
					]
				},
				"method": "POST",
				"header": [
					{
						"key": "Content-Type",
						"value": "application/json",
						"type": "text"
					},
					{
						"key": "Accept",
						"value": "*/*",
						"type": "text"
					},
					{
						"key": "dateAtclient",
						"value": "08-05-2020T15:13:00",
						"type": "text",
						"disabled": true
					},
					{
						"key": "signature",
						"value": "{{signature}}",
						"type": "text",
						"disabled": true
					}
				],
				"body": {
					"mode": "raw",
					"raw": "{\n  \"clientId\": \"{{clientId}}\",\n  \"username\": \"{{username}}\",\n  \"password\": \"{{password}}\"\n}"
				},
				"url": {
					"raw": "{{host}}/oauth2/verify",
					"host": [
						"{{host}}"
					],
					"path": [
						"oauth2",
						"verify"
					]
				},
				"description": "- This API used to generate authorization code which is required for Generate Bearer Token API\n- clientId , username and password are passed in the request body , if verified woohoo responds with authorization code"
			},
			"response": []
		},
		{
			"name": "Generate Bearer Token",
			"event": [
				{
					"listen": "test",
					"script": {
						"type": "text/javascript",
						"exec": [
							"pm.test(\"Status code is 200\", function () {",
							"    pm.response.to.have.status(200);",
							"    let res = JSON.parse(responseBody);",
							"    pm.environment.set(\"bearerToken\", res.token);",
							"});"
						]
					}
				}
			],
			"request": {
				"method": "POST",
				"header": [
					{
						"key": "Content-Type",
						"type": "text",
						"value": "application/json"
					}
				],
				"body": {
					"mode": "raw",
					"raw": "{\n  \"clientId\": \"{{clientId}}\",\n  \"clientSecret\": \"{{clientSecret}}\",\n  \"authorizationCode\": \"{{authorizationCode}}\"\n}"
				},
				"url": {
					"raw": "{{host}}/oauth2/token",
					"host": [
						"{{host}}"
					],
					"path": [
						"oauth2",
						"token"
					]
				},
				"description": "- The api can be used to generate the Bearer token , which needs to be passed in all Apis\n- The api expects clientId , clientSecret and Authorization Code in the request body and responds with Bearer token\n- Access token has expiry of one week , which will require regenration once expired"
			},
			"response": []
		},
		{
			"name": "Category",
			"event": [
				{
					"listen": "test",
					"script": {
						"type": "text/javascript",
						"exec": [
							"",
							"pm.test(\"signature is valid\", function () {",
							"    // This is postman pre request script, change code wherever we used `pm`",
							"    const cryptoJS = require(\"crypto-js\");",
							"           ",
							"    //url and sorted query param",
							"    let requestUrl = () => {",
							"        let query = {};",
							"       ",
							"        //pm.request.url.getQueryString() is postman method to  ",
							"        if (pm.request.url.getQueryString()) {",
							"            let baseUrl = request.url.split('?'),",
							"                ordered = {};",
							"           ",
							"            baseUrl = normaliseBaseUrl(baseUrl[0]);",
							"            // pm.request.url.query.all() is postman method to get query parameters",
							"            pm.request.url.query.all().forEach((param) => { query[param.key] = param.value})",
							"       ",
							"            Object.keys(query).sort().forEach(function(key) {",
							"                ordered[key] = query[key];",
							"            });",
							"           ",
							"            let queryString = Object.keys(ordered).map(key => key + '=' + ordered[key]).join('&');",
							"            query = baseUrl + '?' + queryString;",
							"        }",
							"        else {",
							"            query = request.url;",
							"        }",
							"       ",
							"        return encodeURIComponent(query);",
							"    }",
							"   ",
							"   let sortObject = (object) =>  {",
							"       if (object instanceof Array) {",
							"            var sortedObj = [],",
							"            keys = Object.keys(object);",
							"        } else {",
							"            sortedObj = {},",
							"            keys = Object.keys(object);",
							"        }",
							"",
							"        keys.sort(function(key1, key2) {",
							"            if(key1 < key2) return -1;",
							"            if(key1 > key2) return 1;",
							"            return 0;",
							"        });",
							"",
							"        for(var index in keys){",
							"            var key = keys[index];",
							"            if(object[key] !== null && typeof object[key] == 'object' ){",
							"",
							"                if ((object[key] instanceof Array)) {",
							"                    sortedObj[key] = sortObject(object[key]);",
							"                }",
							"                sortedObj[key] = sortObject(object[key]);",
							"            } else {",
							"                sortedObj[key] = object[key];",
							"            }",
							"        }",
							"",
							"        return sortedObj;",
							"    }",
							"   ",
							"    let normaliseBaseUrl = (baseUrl) => {",
							"        let normalizedPort,",
							"            normalizedUrl,",
							"            data = baseUrl.split(':'),",
							"            scheme = data[0].toLowerCase();",
							"           ",
							"        if (pm.request.url.port == 80 && scheme == 'http') {",
							"            normalizedPort = data[2].substring(2);    ",
							"        }",
							"        else if (pm.request.url.port == 443 && scheme == 'https') {",
							"            normalizedPort = data[2].substring(2);    ",
							"        }",
							"       ",
							"        if (normalizedPort) {",
							"            normalizedUrl = scheme + ':' + data[1] + normalizedPort;",
							"        }",
							"        else if (data[2]) {",
							"            normalizedUrl = scheme + ':' + data[1] + ':' + data[2];",
							"        }",
							"        else {",
							"            normalizedUrl = scheme + ':' + data[1];",
							"        }",
							"        return normalizedUrl;",
							"    }",
							"   ",
							"    let query = null,",
							"        url = null;",
							"        data = null;",
							"        url = requestUrl(), // This is postman method to get request URL",
							"        method = request.method,",
							"        key = pm.variables.get(\"clientSecret\"), // This is postman method the get consumer sceret",
							"        body = JSON.parse(responseBody);",
							"        requestData = null;",
							"       ",
							"    if(body) {",
							"        responseData = encodeURIComponent(JSON.stringify(sortObject(body)));",
							"    }",
							"   ",
							"    let baseString = method + '&' + url + '&' + responseData;",
							"    var sha512 = CryptoJS.HmacSHA512(baseString, key);",
							"    if (postman.getResponseHeader(\"signature\") == sha512.toString()) {",
							"         pm.expect(true).to.be.true;",
							"    } else {",
							"        pm.expect(false).to.be.true;",
							"    }",
							" ",
							"});"
						]
					}
				},
				{
					"listen": "prerequest",
					"script": {
						"type": "text/javascript",
						"exec": [
							"// dateAtClient",
							"const moment = require('moment');",
							"pm.environment.set(\"dateAtClient\", moment().toISOString());",
							"",
							"console.log(request);",
							"",
							"// signature",
							"",
							"// This is postman pre request script, change code wherever we used `pm`",
							"const cryptoJS = require(\"crypto-js\");",
							"",
							"//url and sorted query param",
							"let requestUrl = () => {",
							"    let query = {},",
							"        url = request.url.replace('{{host}}', pm.environment.get(\"host\"));",
							"",
							"    //pm.request.url.getQueryString() is postman method to  ",
							"    if (pm.request.url.getQueryString()) {",
							"        let baseUrl = url.split('?'),",
							"            ordered = {};",
							"",
							"        baseUrl = normaliseBaseUrl(baseUrl[0]);",
							"        console.log('baseuel' + baseUrl);",
							"        // pm.request.url.query.all() is postman method to get query parameters",
							"        pm.request.url.query.all().forEach((param) => { query[param.key] = param.value})",
							"",
							"        Object.keys(query).sort().forEach(function(key) {",
							"            ordered[key] = query[key];",
							"        });",
							"",
							"        let queryString = Object.keys(ordered).map(key => key + '=' + ordered[key]).join('&');",
							"        query = baseUrl + '?' + queryString;",
							"    }",
							"    else {",
							"        query = url;",
							"    }",
							"    return encodeURIComponent(query);",
							"}",
							"",
							"let sortObject = (object) =>  {",
							"    if (object instanceof Array) {",
							"        var sortedObj = [],",
							"            keys = Object.keys(object);",
							"    }",
							"    else {",
							"        sortedObj = {},",
							"            keys = Object.keys(object);",
							"    }",
							"",
							"    keys.sort(function(key1, key2) {",
							"        if(key1 < key2) return -1;",
							"        if(key1 > key2) return 1;",
							"        return 0;",
							"    });",
							"",
							"    for(var index in keys){",
							"        var key = keys[index];",
							"        if(typeof object[key] == 'object' ){",
							"",
							"            if ((object[key] instanceof Array)) {",
							"                sortedObj[key] = sortObject(object[key]);",
							"            }",
							"            sortedObj[key] = sortObject(object[key]);",
							"        } else {",
							"            sortedObj[key] = object[key];",
							"        }",
							"    }",
							"    return sortedObj;",
							"}",
							"",
							"let normaliseBaseUrl = (baseUrl) => {",
							"    let normalizedPort,",
							"        normalizedUrl,",
							"        data = baseUrl.split(':'),",
							"        scheme = data[0].toLowerCase();",
							"",
							"    if (pm.request.url.port == 80 && scheme == 'http') {",
							"        normalizedPort = data[2].substring(2);",
							"    }",
							"    else if (pm.request.url.port == 443 && scheme == 'https') {",
							"        normalizedPort = data[2].substring(2);",
							"    }",
							"",
							"    if (normalizedPort) {",
							"        normalizedUrl = scheme + ':' + data[1] + normalizedPort;",
							"    }",
							"    else if (data[2]) {",
							"        normalizedUrl = scheme + ':' + data[1] + ':' + data[2];",
							"    }",
							"    else {",
							"        normalizedUrl = scheme + ':' + data[1];",
							"    }",
							"    return normalizedUrl;",
							"}",
							"",
							"let query = null,",
							"    url = null;",
							"data = null;",
							"url = requestUrl(), // This is postman method to get request URL",
							"    method = request.method,",
							"    key = pm.variables.get(\"clientSecret\"), // This is postman method the get consumer sceret",
							"    body = null",
							"requestData = null;",
							"",
							"if (!_.isEmpty(request.data)) {",
							"    body = JSON.parse(request.data);",
							"}",
							"",
							"let baseString = method + '&' + url;",
							"if (body) {",
							"    requestData = encodeURIComponent(JSON.stringify(sortObject(body)));",
							"    baseString = method + '&' + url + '&' + requestData;",
							"}",
							"",
							"//setting it into environmental variable",
							"pm.environment.set(\"signature\", cryptoJS.HmacSHA512(baseString, key).toString());"
						]
					}
				}
			],
			"request": {
				"auth": {
					"type": "bearer",
					"bearer": [
						{
							"key": "token",
							"value": "{{bearerToken}}",
							"type": "string"
						}
					]
				},
				"method": "GET",
				"header": [
					{
						"key": "Content-Type",
						"value": "application/json",
						"type": "text"
					},
					{
						"key": "Accept",
						"value": "*/*",
						"type": "text"
					},
					{
						"key": "dateAtClient",
						"value": "{{dateAtClient}}",
						"type": "text"
					},
					{
						"key": "signature",
						"value": "{{signature}}",
						"type": "text"
					}
				],
				"url": {
					"raw": "{{host}}/rest/v3/catalog/categories?q=1",
					"host": [
						"{{host}}"
					],
					"path": [
						"rest",
						"v3",
						"catalog",
						"categories"
					],
					"query": [
						{
							"key": "q",
							"value": "1"
						}
					]
				},
				"description": "- This API is used to retrieve details of the category that are enabled for your account.\n- If would like retrieve specific category details then provide category id, else it can be a optional one.\n- Category list API must be called periodically i.e. once a month. If there are changes such as addition of new product on the store, then Woohoo will inform integrator about the impact of change. Post confirmation from Woohoo, call Category List API, and then refresh the database"
			},
			"response": []
		},
		{
			"name": "Product List",
			"event": [
				{
					"listen": "test",
					"script": {
						"type": "text/javascript",
						"exec": [
							"",
							"pm.test(\"signature is valid\", function () {",
							"    // This is postman pre request script, change code wherever we used `pm`",
							"    const cryptoJS = require(\"crypto-js\");",
							"           ",
							"    //url and sorted query param",
							"    let requestUrl = () => {",
							"        let query = {};",
							"       ",
							"        //pm.request.url.getQueryString() is postman method to  ",
							"        if (pm.request.url.getQueryString()) {",
							"            let baseUrl = request.url.split('?'),",
							"                ordered = {};",
							"           ",
							"            baseUrl = normaliseBaseUrl(baseUrl[0]);",
							"            // pm.request.url.query.all() is postman method to get query parameters",
							"            pm.request.url.query.all().forEach((param) => { query[param.key] = param.value})",
							"       ",
							"            Object.keys(query).sort().forEach(function(key) {",
							"                ordered[key] = query[key];",
							"            });",
							"           ",
							"            let queryString = Object.keys(ordered).map(key => key + '=' + ordered[key]).join('&');",
							"            query = baseUrl + '?' + queryString;",
							"        }",
							"        else {",
							"            query = request.url;",
							"        }",
							"       ",
							"        return encodeURIComponent(query);",
							"    }",
							"   ",
							"   let sortObject = (object) =>  {",
							"       if (object instanceof Array) {",
							"            var sortedObj = [],",
							"            keys = Object.keys(object);",
							"        } else {",
							"            sortedObj = {},",
							"            keys = Object.keys(object);",
							"        }",
							"",
							"        keys.sort(function(key1, key2) {",
							"            if(key1 < key2) return -1;",
							"            if(key1 > key2) return 1;",
							"            return 0;",
							"        });",
							"",
							"        for(var index in keys){",
							"            var key = keys[index];",
							"            if(object[key] !== null && typeof object[key] == 'object' ){",
							"",
							"                if ((object[key] instanceof Array)) {",
							"                    sortedObj[key] = sortObject(object[key]);",
							"                }",
							"                sortedObj[key] = sortObject(object[key]);",
							"            } else {",
							"                sortedObj[key] = object[key];",
							"            }",
							"        }",
							"",
							"        return sortedObj;",
							"    }",
							"   ",
							"    let normaliseBaseUrl = (baseUrl) => {",
							"        let normalizedPort,",
							"            normalizedUrl,",
							"            data = baseUrl.split(':'),",
							"            scheme = data[0].toLowerCase();",
							"           ",
							"        if (pm.request.url.port == 80 && scheme == 'http') {",
							"            normalizedPort = data[2].substring(2);    ",
							"        }",
							"        else if (pm.request.url.port == 443 && scheme == 'https') {",
							"            normalizedPort = data[2].substring(2);    ",
							"        }",
							"       ",
							"        if (normalizedPort) {",
							"            normalizedUrl = scheme + ':' + data[1] + normalizedPort;",
							"        }",
							"        else if (data[2]) {",
							"            normalizedUrl = scheme + ':' + data[1] + ':' + data[2];",
							"        }",
							"        else {",
							"            normalizedUrl = scheme + ':' + data[1];",
							"        }",
							"        return normalizedUrl;",
							"    }",
							"   ",
							"    let query = null,",
							"        url = null;",
							"        data = null;",
							"        url = requestUrl(), // This is postman method to get request URL",
							"        method = request.method,",
							"        key = pm.variables.get(\"clientSecret\"), // This is postman method the get consumer sceret",
							"        body = JSON.parse(responseBody);",
							"        requestData = null;",
							"       ",
							"    if(body) {",
							"        responseData = encodeURIComponent(JSON.stringify(sortObject(body)));",
							"    }",
							"   ",
							"    let baseString = method + '&' + url + '&' + responseData;",
							"    var sha512 = CryptoJS.HmacSHA512(baseString, key);",
							"    if (postman.getResponseHeader(\"signature\") == sha512.toString()) {",
							"         pm.expect(true).to.be.true;",
							"    } else {",
							"        pm.expect(false).to.be.true;",
							"    }",
							" ",
							"});"
						]
					}
				},
				{
					"listen": "prerequest",
					"script": {
						"type": "text/javascript",
						"exec": [
							"// dateAtClient",
							"const moment = require('moment');",
							"pm.environment.set(\"dateAtClient\", moment().toISOString());",
							"",
							"console.log(request);",
							"",
							"// signature",
							"",
							"// This is postman pre request script, change code wherever we used `pm`",
							"const cryptoJS = require(\"crypto-js\");",
							"",
							"//url and sorted query param",
							"let requestUrl = () => {",
							"    let query = {},",
							"        url = request.url.replace('{{host}}', pm.environment.get(\"host\"));",
							"",
							"    //pm.request.url.getQueryString() is postman method to  ",
							"    if (pm.request.url.getQueryString()) {",
							"        let baseUrl = url.split('?'),",
							"            ordered = {};",
							"",
							"        baseUrl = normaliseBaseUrl(baseUrl[0]);",
							"        console.log('baseuel' + baseUrl);",
							"        // pm.request.url.query.all() is postman method to get query parameters",
							"        pm.request.url.query.all().forEach((param) => { query[param.key] = param.value})",
							"",
							"        Object.keys(query).sort().forEach(function(key) {",
							"            ordered[key] = query[key];",
							"        });",
							"",
							"        let queryString = Object.keys(ordered).map(key => key + '=' + ordered[key]).join('&');",
							"        query = baseUrl + '?' + queryString;",
							"    }",
							"    else {",
							"        query = url;",
							"    }",
							"    return encodeURIComponent(query);",
							"}",
							"",
							"let sortObject = (object) =>  {",
							"    if (object instanceof Array) {",
							"        var sortedObj = [],",
							"            keys = Object.keys(object);",
							"    }",
							"    else {",
							"        sortedObj = {},",
							"            keys = Object.keys(object);",
							"    }",
							"",
							"    keys.sort(function(key1, key2) {",
							"        if(key1 < key2) return -1;",
							"        if(key1 > key2) return 1;",
							"        return 0;",
							"    });",
							"",
							"    for(var index in keys){",
							"        var key = keys[index];",
							"        if(typeof object[key] == 'object' ){",
							"",
							"            if ((object[key] instanceof Array)) {",
							"                sortedObj[key] = sortObject(object[key]);",
							"            }",
							"            sortedObj[key] = sortObject(object[key]);",
							"        } else {",
							"            sortedObj[key] = object[key];",
							"        }",
							"    }",
							"    return sortedObj;",
							"}",
							"",
							"let normaliseBaseUrl = (baseUrl) => {",
							"    let normalizedPort,",
							"        normalizedUrl,",
							"        data = baseUrl.split(':'),",
							"        scheme = data[0].toLowerCase();",
							"",
							"    if (pm.request.url.port == 80 && scheme == 'http') {",
							"        normalizedPort = data[2].substring(2);",
							"    }",
							"    else if (pm.request.url.port == 443 && scheme == 'https') {",
							"        normalizedPort = data[2].substring(2);",
							"    }",
							"",
							"    if (normalizedPort) {",
							"        normalizedUrl = scheme + ':' + data[1] + normalizedPort;",
							"    }",
							"    else if (data[2]) {",
							"        normalizedUrl = scheme + ':' + data[1] + ':' + data[2];",
							"    }",
							"    else {",
							"        normalizedUrl = scheme + ':' + data[1];",
							"    }",
							"    return normalizedUrl;",
							"}",
							"",
							"let query = null,",
							"    url = null;",
							"data = null;",
							"url = requestUrl(), // This is postman method to get request URL",
							"    method = request.method,",
							"    key = pm.variables.get(\"clientSecret\"), // This is postman method the get consumer sceret",
							"    body = null",
							"requestData = null;",
							"",
							"if (!_.isEmpty(request.data)) {",
							"    body = JSON.parse(request.data);",
							"}",
							"",
							"let baseString = method + '&' + url;",
							"if (body) {",
							"    requestData = encodeURIComponent(JSON.stringify(sortObject(body)));",
							"    baseString = method + '&' + url + '&' + requestData;",
							"}",
							"",
							"//setting it into environmental variable",
							"pm.environment.set(\"signature\", cryptoJS.HmacSHA512(baseString, key).toString());"
						]
					}
				}
			],
			"request": {
				"auth": {
					"type": "bearer",
					"bearer": [
						{
							"key": "token",
							"value": "{{bearerToken}}",
							"type": "string"
						}
					]
				},
				"method": "GET",
				"header": [
					{
						"key": "Content-Type",
						"value": "application/json",
						"type": "text"
					},
					{
						"key": "Accept",
						"value": "*/*",
						"type": "text"
					},
					{
						"key": "dateAtClient",
						"value": "{{dateAtClient}}",
						"type": "text"
					},
					{
						"key": "signature",
						"value": "{{signature}}",
						"type": "text"
					}
				],
				"url": {
					"raw": "{{host}}/rest/v3/catalog/categories/4/products?offset=offset&limit=limit",
					"host": [
						"{{host}}"
					],
					"path": [
						"rest",
						"v3",
						"catalog",
						"categories",
						"4",
						"products"
					],
					"query": [
						{
							"key": "offset",
							"value": "offset"
						},
						{
							"key": "limit",
							"value": "limit"
						}
					]
				}
			},
			"response": []
		},
		{
			"name": "Product",
			"event": [
				{
					"listen": "test",
					"script": {
						"exec": [
							"",
							"pm.test(\"signature is valid\", function () {",
							"    // This is postman pre request script, change code wherever we used `pm`",
							"    const cryptoJS = require(\"crypto-js\");",
							"           ",
							"    //url and sorted query param",
							"    let requestUrl = () => {",
							"        let query = {};",
							"       ",
							"        //pm.request.url.getQueryString() is postman method to  ",
							"        if (pm.request.url.getQueryString()) {",
							"            let baseUrl = request.url.split('?'),",
							"                ordered = {};",
							"           ",
							"            baseUrl = normaliseBaseUrl(baseUrl[0]);",
							"            // pm.request.url.query.all() is postman method to get query parameters",
							"            pm.request.url.query.all().forEach((param) => { query[param.key] = param.value})",
							"       ",
							"            Object.keys(query).sort().forEach(function(key) {",
							"                ordered[key] = query[key];",
							"            });",
							"           ",
							"            let queryString = Object.keys(ordered).map(key => key + '=' + ordered[key]).join('&');",
							"            query = baseUrl + '?' + queryString;",
							"        }",
							"        else {",
							"            query = request.url;",
							"        }",
							"       ",
							"        return encodeURIComponent(query);",
							"    }",
							"   ",
							"   let sortObject = (object) =>  {",
							"       if (object instanceof Array) {",
							"            var sortedObj = [],",
							"            keys = Object.keys(object);",
							"        } else {",
							"            sortedObj = {},",
							"            keys = Object.keys(object);",
							"        }",
							"",
							"        keys.sort(function(key1, key2) {",
							"            if(key1 < key2) return -1;",
							"            if(key1 > key2) return 1;",
							"            return 0;",
							"        });",
							"",
							"        for(var index in keys){",
							"            var key = keys[index];",
							"            if(object[key] !== null && typeof object[key] == 'object' ){",
							"",
							"                if ((object[key] instanceof Array)) {",
							"                    sortedObj[key] = sortObject(object[key]);",
							"                }",
							"                sortedObj[key] = sortObject(object[key]);",
							"            } else {",
							"                sortedObj[key] = object[key];",
							"            }",
							"        }",
							"",
							"        return sortedObj;",
							"    }",
							"   ",
							"    let normaliseBaseUrl = (baseUrl) => {",
							"        let normalizedPort,",
							"            normalizedUrl,",
							"            data = baseUrl.split(':'),",
							"            scheme = data[0].toLowerCase();",
							"           ",
							"        if (pm.request.url.port == 80 && scheme == 'http') {",
							"            normalizedPort = data[2].substring(2);    ",
							"        }",
							"        else if (pm.request.url.port == 443 && scheme == 'https') {",
							"            normalizedPort = data[2].substring(2);    ",
							"        }",
							"       ",
							"        if (normalizedPort) {",
							"            normalizedUrl = scheme + ':' + data[1] + normalizedPort;",
							"        }",
							"        else if (data[2]) {",
							"            normalizedUrl = scheme + ':' + data[1] + ':' + data[2];",
							"        }",
							"        else {",
							"            normalizedUrl = scheme + ':' + data[1];",
							"        }",
							"        return normalizedUrl;",
							"    }",
							"   ",
							"    let query = null,",
							"        url = null;",
							"        data = null;",
							"        url = requestUrl(), // This is postman method to get request URL",
							"        method = request.method,",
							"        key = pm.variables.get(\"clientSecret\"), // This is postman method the get consumer sceret",
							"        body = JSON.parse(responseBody);",
							"        requestData = null;",
							"       ",
							"    if(body) {",
							"        responseData = encodeURIComponent(JSON.stringify(sortObject(body)));",
							"    }",
							"   ",
							"    let baseString = method + '&' + url + '&' + responseData;",
							"    var sha512 = CryptoJS.HmacSHA512(baseString, key);",
							"    if (postman.getResponseHeader(\"signature\") == sha512.toString()) {",
							"         pm.expect(true).to.be.true;",
							"    } else {",
							"        pm.expect(false).to.be.true;",
							"    }",
							" ",
							"});"
						],
						"type": "text/javascript"
					}
				},
				{
					"listen": "prerequest",
					"script": {
						"exec": [
							"// dateAtClient",
							"const moment = require('moment');",
							"pm.environment.set(\"dateAtClient\", moment().toISOString());",
							"",
							"console.log(request);",
							"",
							"// signature",
							"",
							"// This is postman pre request script, change code wherever we used `pm`",
							"const cryptoJS = require(\"crypto-js\");",
							"",
							"//url and sorted query param",
							"let requestUrl = () => {",
							"    let query = {},",
							"        url = request.url.replace('{{host}}', pm.environment.get(\"host\"));",
							"",
							"    //pm.request.url.getQueryString() is postman method to  ",
							"    if (pm.request.url.getQueryString()) {",
							"        let baseUrl = url.split('?'),",
							"            ordered = {};",
							"",
							"        baseUrl = normaliseBaseUrl(baseUrl[0]);",
							"        console.log('baseuel' + baseUrl);",
							"        // pm.request.url.query.all() is postman method to get query parameters",
							"        pm.request.url.query.all().forEach((param) => { query[param.key] = param.value})",
							"",
							"        Object.keys(query).sort().forEach(function(key) {",
							"            ordered[key] = query[key];",
							"        });",
							"",
							"        let queryString = Object.keys(ordered).map(key => key + '=' + ordered[key]).join('&');",
							"        query = baseUrl + '?' + queryString;",
							"    }",
							"    else {",
							"        query = url;",
							"    }",
							"    return encodeURIComponent(query);",
							"}",
							"",
							"let sortObject = (object) =>  {",
							"    if (object instanceof Array) {",
							"        var sortedObj = [],",
							"            keys = Object.keys(object);",
							"    }",
							"    else {",
							"        sortedObj = {},",
							"            keys = Object.keys(object);",
							"    }",
							"",
							"    keys.sort(function(key1, key2) {",
							"        if(key1 < key2) return -1;",
							"        if(key1 > key2) return 1;",
							"        return 0;",
							"    });",
							"",
							"    for(var index in keys){",
							"        var key = keys[index];",
							"        if(typeof object[key] == 'object' ){",
							"",
							"            if ((object[key] instanceof Array)) {",
							"                sortedObj[key] = sortObject(object[key]);",
							"            }",
							"            sortedObj[key] = sortObject(object[key]);",
							"        } else {",
							"            sortedObj[key] = object[key];",
							"        }",
							"    }",
							"    return sortedObj;",
							"}",
							"",
							"let normaliseBaseUrl = (baseUrl) => {",
							"    let normalizedPort,",
							"        normalizedUrl,",
							"        data = baseUrl.split(':'),",
							"        scheme = data[0].toLowerCase();",
							"",
							"    if (pm.request.url.port == 80 && scheme == 'http') {",
							"        normalizedPort = data[2].substring(2);",
							"    }",
							"    else if (pm.request.url.port == 443 && scheme == 'https') {",
							"        normalizedPort = data[2].substring(2);",
							"    }",
							"",
							"    if (normalizedPort) {",
							"        normalizedUrl = scheme + ':' + data[1] + normalizedPort;",
							"    }",
							"    else if (data[2]) {",
							"        normalizedUrl = scheme + ':' + data[1] + ':' + data[2];",
							"    }",
							"    else {",
							"        normalizedUrl = scheme + ':' + data[1];",
							"    }",
							"    return normalizedUrl;",
							"}",
							"",
							"let query = null,",
							"    url = null;",
							"data = null;",
							"url = requestUrl(), // This is postman method to get request URL",
							"    method = request.method,",
							"    key = pm.variables.get(\"clientSecret\"), // This is postman method the get consumer sceret",
							"    body = null",
							"requestData = null;",
							"",
							"if (!_.isEmpty(request.data)) {",
							"    body = JSON.parse(request.data);",
							"}",
							"",
							"let baseString = method + '&' + url;",
							"if (body) {",
							"    requestData = encodeURIComponent(JSON.stringify(sortObject(body)));",
							"    baseString = method + '&' + url + '&' + requestData;",
							"}",
							"",
							"//setting it into environmental variable",
							"pm.environment.set(\"signature\", cryptoJS.HmacSHA512(baseString, key).toString());"
						],
						"type": "text/javascript"
					}
				}
			],
			"request": {
				"auth": {
					"type": "bearer",
					"bearer": [
						{
							"key": "token",
							"value": "{{bearerToken}}",
							"type": "string"
						}
					]
				},
				"method": "GET",
				"header": [
					{
						"key": "Content-Type",
						"value": "application/json",
						"type": "text"
					},
					{
						"key": "Accept",
						"value": "*/*",
						"type": "text"
					},
					{
						"key": "dateAtClient",
						"value": "{{dateAtClient}}",
						"type": "text"
					},
					{
						"key": "signature",
						"value": "{{signature}}",
						"type": "text"
					}
				],
				"url": {
					"raw": "{{host}}/rest/v3/catalog/products/CNPIN",
					"host": [
						"{{host}}"
					],
					"path": [
						"rest",
						"v3",
						"catalog",
						"products",
						"CNPIN"
					]
				}
			},
			"response": []
		},
		{
			"name": "Order - Digital",
			"event": [
				{
					"listen": "test",
					"script": {
						"exec": [
							"",
							"pm.test(\"signature is valid\", function () {",
							"    // This is postman pre request script, change code wherever we used `pm`",
							"    const cryptoJS = require(\"crypto-js\");",
							"           ",
							"    //url and sorted query param",
							"    let requestUrl = () => {",
							"        let query = {};",
							"       ",
							"        //pm.request.url.getQueryString() is postman method to  ",
							"        if (pm.request.url.getQueryString()) {",
							"            let baseUrl = request.url.split('?'),",
							"                ordered = {};",
							"           ",
							"            baseUrl = normaliseBaseUrl(baseUrl[0]);",
							"            // pm.request.url.query.all() is postman method to get query parameters",
							"            pm.request.url.query.all().forEach((param) => { query[param.key] = param.value})",
							"       ",
							"            Object.keys(query).sort().forEach(function(key) {",
							"                ordered[key] = query[key];",
							"            });",
							"           ",
							"            let queryString = Object.keys(ordered).map(key => key + '=' + ordered[key]).join('&');",
							"            query = baseUrl + '?' + queryString;",
							"        }",
							"        else {",
							"            query = request.url;",
							"        }",
							"       ",
							"        return encodeURIComponent(query);",
							"    }",
							"   ",
							"   let sortObject = (object) =>  {",
							"       if (object instanceof Array) {",
							"            var sortedObj = [],",
							"            keys = Object.keys(object);",
							"        } else {",
							"            sortedObj = {},",
							"            keys = Object.keys(object);",
							"        }",
							"",
							"        keys.sort(function(key1, key2) {",
							"            if(key1 < key2) return -1;",
							"            if(key1 > key2) return 1;",
							"            return 0;",
							"        });",
							"",
							"        for(var index in keys){",
							"            var key = keys[index];",
							"            if(object[key] !== null && typeof object[key] == 'object' ){",
							"",
							"                if ((object[key] instanceof Array)) {",
							"                    sortedObj[key] = sortObject(object[key]);",
							"                }",
							"                sortedObj[key] = sortObject(object[key]);",
							"            } else {",
							"                sortedObj[key] = object[key];",
							"            }",
							"        }",
							"",
							"        return sortedObj;",
							"    }",
							"   ",
							"    let normaliseBaseUrl = (baseUrl) => {",
							"        let normalizedPort,",
							"            normalizedUrl,",
							"            data = baseUrl.split(':'),",
							"            scheme = data[0].toLowerCase();",
							"           ",
							"        if (pm.request.url.port == 80 && scheme == 'http') {",
							"            normalizedPort = data[2].substring(2);    ",
							"        }",
							"        else if (pm.request.url.port == 443 && scheme == 'https') {",
							"            normalizedPort = data[2].substring(2);    ",
							"        }",
							"       ",
							"        if (normalizedPort) {",
							"            normalizedUrl = scheme + ':' + data[1] + normalizedPort;",
							"        }",
							"        else if (data[2]) {",
							"            normalizedUrl = scheme + ':' + data[1] + ':' + data[2];",
							"        }",
							"        else {",
							"            normalizedUrl = scheme + ':' + data[1];",
							"        }",
							"        return normalizedUrl;",
							"    }",
							"   ",
							"    let query = null,",
							"        url = null;",
							"        data = null;",
							"        url = requestUrl(), // This is postman method to get request URL",
							"        method = request.method,",
							"        key = pm.variables.get(\"clientSecret\"), // This is postman method the get consumer sceret",
							"        body = JSON.parse(responseBody);",
							"        requestData = null;",
							"       ",
							"    if(body) {",
							"        responseData = encodeURIComponent(JSON.stringify(sortObject(body)));",
							"    }",
							"   ",
							"    let baseString = method + '&' + url + '&' + responseData;",
							"    var sha512 = CryptoJS.HmacSHA512(baseString, key);",
							"    if (postman.getResponseHeader(\"signature\") == sha512.toString()) {",
							"         pm.expect(true).to.be.true;",
							"    } else {",
							"        pm.expect(false).to.be.true;",
							"    }",
							" ",
							"});"
						],
						"type": "text/javascript"
					}
				},
				{
					"listen": "prerequest",
					"script": {
						"exec": [
							"// dateAtClient",
							"const moment = require('moment');",
							"pm.environment.set(\"dateAtClient\", moment().toISOString());",
							"",
							"console.log(request);",
							"",
							"// signature",
							"",
							"// This is postman pre request script, change code wherever we used `pm`",
							"const cryptoJS = require(\"crypto-js\");",
							"",
							"//url and sorted query param",
							"let requestUrl = () => {",
							"    let query = {},",
							"        url = request.url.replace('{{host}}', pm.environment.get(\"host\"));",
							"",
							"    //pm.request.url.getQueryString() is postman method to  ",
							"    if (pm.request.url.getQueryString()) {",
							"        let baseUrl = url.split('?'),",
							"            ordered = {};",
							"",
							"        baseUrl = normaliseBaseUrl(baseUrl[0]);",
							"        console.log('baseuel' + baseUrl);",
							"        // pm.request.url.query.all() is postman method to get query parameters",
							"        pm.request.url.query.all().forEach((param) => { query[param.key] = param.value})",
							"",
							"        Object.keys(query).sort().forEach(function(key) {",
							"            ordered[key] = query[key];",
							"        });",
							"",
							"        let queryString = Object.keys(ordered).map(key => key + '=' + ordered[key]).join('&');",
							"        query = baseUrl + '?' + queryString;",
							"    }",
							"    else {",
							"        query = url;",
							"    }",
							"    return encodeURIComponent(query);",
							"}",
							"",
							"let sortObject = (object) =>  {",
							"    if (object instanceof Array) {",
							"        var sortedObj = [],",
							"            keys = Object.keys(object);",
							"    }",
							"    else {",
							"        sortedObj = {},",
							"            keys = Object.keys(object);",
							"    }",
							"",
							"    keys.sort(function(key1, key2) {",
							"        if(key1 < key2) return -1;",
							"        if(key1 > key2) return 1;",
							"        return 0;",
							"    });",
							"",
							"    for(var index in keys){",
							"        var key = keys[index];",
							"        if(typeof object[key] == 'object' ){",
							"",
							"            if ((object[key] instanceof Array)) {",
							"                sortedObj[key] = sortObject(object[key]);",
							"            }",
							"            sortedObj[key] = sortObject(object[key]);",
							"        } else {",
							"            sortedObj[key] = object[key];",
							"        }",
							"    }",
							"    return sortedObj;",
							"}",
							"",
							"let normaliseBaseUrl = (baseUrl) => {",
							"    let normalizedPort,",
							"        normalizedUrl,",
							"        data = baseUrl.split(':'),",
							"        scheme = data[0].toLowerCase();",
							"",
							"    if (pm.request.url.port == 80 && scheme == 'http') {",
							"        normalizedPort = data[2].substring(2);",
							"    }",
							"    else if (pm.request.url.port == 443 && scheme == 'https') {",
							"        normalizedPort = data[2].substring(2);",
							"    }",
							"",
							"    if (normalizedPort) {",
							"        normalizedUrl = scheme + ':' + data[1] + normalizedPort;",
							"    }",
							"    else if (data[2]) {",
							"        normalizedUrl = scheme + ':' + data[1] + ':' + data[2];",
							"    }",
							"    else {",
							"        normalizedUrl = scheme + ':' + data[1];",
							"    }",
							"    return normalizedUrl;",
							"}",
							"",
							"let query = null,",
							"    url = null;",
							"data = null;",
							"url = requestUrl(), // This is postman method to get request URL",
							"    method = request.method,",
							"    key = pm.variables.get(\"clientSecret\"), // This is postman method the get consumer sceret",
							"    body = null",
							"requestData = null;",
							"",
							"if (!_.isEmpty(request.data)) {",
							"    body = JSON.parse(request.data);",
							"}",
							"",
							"let baseString = method + '&' + url;",
							"if (body) {",
							"    requestData = encodeURIComponent(JSON.stringify(sortObject(body)));",
							"    baseString = method + '&' + url + '&' + requestData;",
							"}",
							"",
							"//setting it into environmental variable",
							"pm.environment.set(\"signature\", cryptoJS.HmacSHA512(baseString, key).toString());"
						],
						"type": "text/javascript"
					}
				}
			],
			"request": {
				"auth": {
					"type": "bearer",
					"bearer": [
						{
							"key": "token",
							"value": "{{bearerToken}}",
							"type": "string"
						}
					]
				},
				"method": "POST",
				"header": [
					{
						"key": "Content-Type",
						"value": "application/json",
						"type": "text"
					},
					{
						"key": "Accept",
						"value": "*/*",
						"type": "text"
					},
					{
						"key": "dateAtClient",
						"value": "{{dateAtClient}}",
						"type": "text"
					},
					{
						"key": "signature",
						"value": "{{signature}}",
						"type": "text"
					}
				],
				"body": {
					"mode": "raw",
					"raw": "{\r\n  \"address\": {\r\n    \"firstname\": \"\",\r\n    \"lastname\": \"K\",\r\n    \"email\": \"email id here\",\r\n    \"telephone\": \"Mobile here\",\r\n    \"line1\": \"Qwikcilver Solutions\",\r\n    \"line2\": \"111, BMC,Koramangala\",\r\n    \"city\": \"bangalore\",\r\n    \"region\": \"Karnataka\",\r\n    \"country\": \"IN\",\r\n    \"postcode\": \"560095\",\r\n    \"company\": \"\",\r\n    \"billToThis\": true\r\n  },\r\n  \"billing\": {\r\n    \"firstname\": \"Paramasivan \",\r\n    \"lastname\": \"Billing\",\r\n    \"email\": \"email id here\",\r\n    \"telephone\": \"Mobile here\",\r\n    \"line1\": \"billing 1\",\r\n    \"line2\": \"Billing  2\",\r\n    \"city\": \"bangalore\",\r\n    \"region\": \"Karnataka\",\r\n    \"country\": \"IN\",\r\n    \"postcode\": \"560095\",\r\n    \"company\": \"\"\r\n  },\r\n\r\n  \"payments\":[\r\n    {\r\n      \"code\": \"svc\",\r\n      \"amount\": 100\r\n    }\r\n],\r\n  \r\n  \"refno\": \"qc0075\",\r\n  \"syncOnly\": true,\r\n \"deliveryMode\": \"API\",\r\n\r\n  \"products\":[\r\n    {\r\n      \"sku\": \"WWQ556GBX001\",\r\n      \"price\": 100,\r\n      \"qty\": 1,\r\n      \"currency\": \"036\",\r\n      \"theme\": \"\"\r\n    }\r\n]\r\n}\r\n"
				},
				"url": {
					"raw": "{{host}}/rest/v3/order",
					"host": [
						"{{host}}"
					],
					"path": [
						"rest",
						"v3",
						"order"
					]
				}
			},
			"response": []
		},
		{
			"name": "Order Status",
			"event": [
				{
					"listen": "test",
					"script": {
						"type": "text/javascript",
						"exec": [
							"",
							"pm.test(\"signature is valid\", function () {",
							"    // This is postman pre request script, change code wherever we used `pm`",
							"    const cryptoJS = require(\"crypto-js\");",
							"           ",
							"    //url and sorted query param",
							"    let requestUrl = () => {",
							"        let query = {};",
							"       ",
							"        //pm.request.url.getQueryString() is postman method to  ",
							"        if (pm.request.url.getQueryString()) {",
							"            let baseUrl = request.url.split('?'),",
							"                ordered = {};",
							"           ",
							"            baseUrl = normaliseBaseUrl(baseUrl[0]);",
							"            // pm.request.url.query.all() is postman method to get query parameters",
							"            pm.request.url.query.all().forEach((param) => { query[param.key] = param.value})",
							"       ",
							"            Object.keys(query).sort().forEach(function(key) {",
							"                ordered[key] = query[key];",
							"            });",
							"           ",
							"            let queryString = Object.keys(ordered).map(key => key + '=' + ordered[key]).join('&');",
							"            query = baseUrl + '?' + queryString;",
							"        }",
							"        else {",
							"            query = request.url;",
							"        }",
							"       ",
							"        return encodeURIComponent(query);",
							"    }",
							"   ",
							"   let sortObject = (object) =>  {",
							"       if (object instanceof Array) {",
							"            var sortedObj = [],",
							"            keys = Object.keys(object);",
							"        } else {",
							"            sortedObj = {},",
							"            keys = Object.keys(object);",
							"        }",
							"",
							"        keys.sort(function(key1, key2) {",
							"            if(key1 < key2) return -1;",
							"            if(key1 > key2) return 1;",
							"            return 0;",
							"        });",
							"",
							"        for(var index in keys){",
							"            var key = keys[index];",
							"            if(object[key] !== null && typeof object[key] == 'object' ){",
							"",
							"                if ((object[key] instanceof Array)) {",
							"                    sortedObj[key] = sortObject(object[key]);",
							"                }",
							"                sortedObj[key] = sortObject(object[key]);",
							"            } else {",
							"                sortedObj[key] = object[key];",
							"            }",
							"        }",
							"",
							"        return sortedObj;",
							"    }",
							"   ",
							"    let normaliseBaseUrl = (baseUrl) => {",
							"        let normalizedPort,",
							"            normalizedUrl,",
							"            data = baseUrl.split(':'),",
							"            scheme = data[0].toLowerCase();",
							"           ",
							"        if (pm.request.url.port == 80 && scheme == 'http') {",
							"            normalizedPort = data[2].substring(2);    ",
							"        }",
							"        else if (pm.request.url.port == 443 && scheme == 'https') {",
							"            normalizedPort = data[2].substring(2);    ",
							"        }",
							"       ",
							"        if (normalizedPort) {",
							"            normalizedUrl = scheme + ':' + data[1] + normalizedPort;",
							"        }",
							"        else if (data[2]) {",
							"            normalizedUrl = scheme + ':' + data[1] + ':' + data[2];",
							"        }",
							"        else {",
							"            normalizedUrl = scheme + ':' + data[1];",
							"        }",
							"        return normalizedUrl;",
							"    }",
							"   ",
							"    let query = null,",
							"        url = null;",
							"        data = null;",
							"        url = requestUrl(), // This is postman method to get request URL",
							"        method = request.method,",
							"        key = pm.variables.get(\"clientSecret\"), // This is postman method the get consumer sceret",
							"        body = JSON.parse(responseBody);",
							"        requestData = null;",
							"       ",
							"    if(body) {",
							"        responseData = encodeURIComponent(JSON.stringify(sortObject(body)));",
							"    }",
							"   ",
							"    let baseString = method + '&' + url + '&' + responseData;",
							"    var sha512 = CryptoJS.HmacSHA512(baseString, key);",
							"    if (postman.getResponseHeader(\"signature\") == sha512.toString()) {",
							"         pm.expect(true).to.be.true;",
							"    } else {",
							"        pm.expect(false).to.be.true;",
							"    }",
							" ",
							"});"
						]
					}
				},
				{
					"listen": "prerequest",
					"script": {
						"type": "text/javascript",
						"exec": [
							"// dateAtClient",
							"const moment = require('moment');",
							"pm.environment.set(\"dateAtClient\", moment().toISOString());",
							"",
							"console.log(request);",
							"",
							"// signature",
							"",
							"// This is postman pre request script, change code wherever we used `pm`",
							"const cryptoJS = require(\"crypto-js\");",
							"",
							"//url and sorted query param",
							"let requestUrl = () => {",
							"    let query = {},",
							"        url = request.url.replace('{{host}}', pm.environment.get(\"host\"));",
							"",
							"    //pm.request.url.getQueryString() is postman method to  ",
							"    if (pm.request.url.getQueryString()) {",
							"        let baseUrl = url.split('?'),",
							"            ordered = {};",
							"",
							"        baseUrl = normaliseBaseUrl(baseUrl[0]);",
							"        console.log('baseuel' + baseUrl);",
							"        // pm.request.url.query.all() is postman method to get query parameters",
							"        pm.request.url.query.all().forEach((param) => { query[param.key] = param.value})",
							"",
							"        Object.keys(query).sort().forEach(function(key) {",
							"            ordered[key] = query[key];",
							"        });",
							"",
							"        let queryString = Object.keys(ordered).map(key => key + '=' + ordered[key]).join('&');",
							"        query = baseUrl + '?' + queryString;",
							"    }",
							"    else {",
							"        query = url;",
							"    }",
							"    return encodeURIComponent(query);",
							"}",
							"",
							"let sortObject = (object) =>  {",
							"    if (object instanceof Array) {",
							"        var sortedObj = [],",
							"            keys = Object.keys(object);",
							"    }",
							"    else {",
							"        sortedObj = {},",
							"            keys = Object.keys(object);",
							"    }",
							"",
							"    keys.sort(function(key1, key2) {",
							"        if(key1 < key2) return -1;",
							"        if(key1 > key2) return 1;",
							"        return 0;",
							"    });",
							"",
							"    for(var index in keys){",
							"        var key = keys[index];",
							"        if(typeof object[key] == 'object' ){",
							"",
							"            if ((object[key] instanceof Array)) {",
							"                sortedObj[key] = sortObject(object[key]);",
							"            }",
							"            sortedObj[key] = sortObject(object[key]);",
							"        } else {",
							"            sortedObj[key] = object[key];",
							"        }",
							"    }",
							"    return sortedObj;",
							"}",
							"",
							"let normaliseBaseUrl = (baseUrl) => {",
							"    let normalizedPort,",
							"        normalizedUrl,",
							"        data = baseUrl.split(':'),",
							"        scheme = data[0].toLowerCase();",
							"",
							"    if (pm.request.url.port == 80 && scheme == 'http') {",
							"        normalizedPort = data[2].substring(2);",
							"    }",
							"    else if (pm.request.url.port == 443 && scheme == 'https') {",
							"        normalizedPort = data[2].substring(2);",
							"    }",
							"",
							"    if (normalizedPort) {",
							"        normalizedUrl = scheme + ':' + data[1] + normalizedPort;",
							"    }",
							"    else if (data[2]) {",
							"        normalizedUrl = scheme + ':' + data[1] + ':' + data[2];",
							"    }",
							"    else {",
							"        normalizedUrl = scheme + ':' + data[1];",
							"    }",
							"    return normalizedUrl;",
							"}",
							"",
							"let query = null,",
							"    url = null;",
							"data = null;",
							"url = requestUrl(), // This is postman method to get request URL",
							"    method = request.method,",
							"    key = pm.variables.get(\"clientSecret\"), // This is postman method the get consumer sceret",
							"    body = null",
							"requestData = null;",
							"",
							"if (!_.isEmpty(request.data)) {",
							"    body = JSON.parse(request.data);",
							"}",
							"",
							"let baseString = method + '&' + url;",
							"if (body) {",
							"    requestData = encodeURIComponent(JSON.stringify(sortObject(body)));",
							"    baseString = method + '&' + url + '&' + requestData;",
							"}",
							"",
							"//setting it into environmental variable",
							"pm.environment.set(\"signature\", cryptoJS.HmacSHA512(baseString, key).toString());"
						]
					}
				}
			],
			"protocolProfileBehavior": {
				"disableBodyPruning": true
			},
			"request": {
				"auth": {
					"type": "bearer",
					"bearer": [
						{
							"key": "token",
							"value": "{{bearerToken}}",
							"type": "string"
						}
					]
				},
				"method": "GET",
				"header": [
					{
						"key": "Content-Type",
						"value": "application/json",
						"type": "text"
					},
					{
						"key": "Accept",
						"value": "*/*",
						"type": "text"
					},
					{
						"key": "dateAtClient",
						"value": "{{dateAtClient}}",
						"type": "text"
					},
					{
						"key": "signature",
						"value": "{{signature}}",
						"type": "text"
					}
				],
				"body": {
					"mode": "raw",
					"raw": ""
				},
				"url": {
					"raw": "{{host}}/rest/v3/order/test5003/status",
					"host": [
						"{{host}}"
					],
					"path": [
						"rest",
						"v3",
						"order",
						"test5003",
						"status"
					]
				}
			},
			"response": []
		},
		{
			"name": "Activated Cards",
			"event": [
				{
					"listen": "test",
					"script": {
						"type": "text/javascript",
						"exec": [
							"",
							"pm.test(\"signature is valid\", function () {",
							"    // This is postman pre request script, change code wherever we used `pm`",
							"    const cryptoJS = require(\"crypto-js\");",
							"           ",
							"    //url and sorted query param",
							"    let requestUrl = () => {",
							"        let query = {};",
							"       ",
							"        //pm.request.url.getQueryString() is postman method to  ",
							"        if (pm.request.url.getQueryString()) {",
							"            let baseUrl = request.url.split('?'),",
							"                ordered = {};",
							"           ",
							"            baseUrl = normaliseBaseUrl(baseUrl[0]);",
							"            // pm.request.url.query.all() is postman method to get query parameters",
							"            pm.request.url.query.all().forEach((param) => { query[param.key] = param.value})",
							"       ",
							"            Object.keys(query).sort().forEach(function(key) {",
							"                ordered[key] = query[key];",
							"            });",
							"           ",
							"            let queryString = Object.keys(ordered).map(key => key + '=' + ordered[key]).join('&');",
							"            query = baseUrl + '?' + queryString;",
							"        }",
							"        else {",
							"            query = request.url;",
							"        }",
							"       ",
							"        return encodeURIComponent(query);",
							"    }",
							"   ",
							"   let sortObject = (object) =>  {",
							"       if (object instanceof Array) {",
							"            var sortedObj = [],",
							"            keys = Object.keys(object);",
							"        } else {",
							"            sortedObj = {},",
							"            keys = Object.keys(object);",
							"        }",
							"",
							"        keys.sort(function(key1, key2) {",
							"            if(key1 < key2) return -1;",
							"            if(key1 > key2) return 1;",
							"            return 0;",
							"        });",
							"",
							"        for(var index in keys){",
							"            var key = keys[index];",
							"            if(object[key] !== null && typeof object[key] == 'object' ){",
							"",
							"                if ((object[key] instanceof Array)) {",
							"                    sortedObj[key] = sortObject(object[key]);",
							"                }",
							"                sortedObj[key] = sortObject(object[key]);",
							"            } else {",
							"                sortedObj[key] = object[key];",
							"            }",
							"        }",
							"",
							"        return sortedObj;",
							"    }",
							"   ",
							"    let normaliseBaseUrl = (baseUrl) => {",
							"        let normalizedPort,",
							"            normalizedUrl,",
							"            data = baseUrl.split(':'),",
							"            scheme = data[0].toLowerCase();",
							"           ",
							"        if (pm.request.url.port == 80 && scheme == 'http') {",
							"            normalizedPort = data[2].substring(2);    ",
							"        }",
							"        else if (pm.request.url.port == 443 && scheme == 'https') {",
							"            normalizedPort = data[2].substring(2);    ",
							"        }",
							"       ",
							"        if (normalizedPort) {",
							"            normalizedUrl = scheme + ':' + data[1] + normalizedPort;",
							"        }",
							"        else if (data[2]) {",
							"            normalizedUrl = scheme + ':' + data[1] + ':' + data[2];",
							"        }",
							"        else {",
							"            normalizedUrl = scheme + ':' + data[1];",
							"        }",
							"        return normalizedUrl;",
							"    }",
							"   ",
							"    let query = null,",
							"        url = null;",
							"        data = null;",
							"        url = requestUrl(), // This is postman method to get request URL",
							"        method = request.method,",
							"        key = pm.variables.get(\"clientSecret\"), // This is postman method the get consumer sceret",
							"        body = JSON.parse(responseBody);",
							"        requestData = null;",
							"       ",
							"    if(body) {",
							"        responseData = encodeURIComponent(JSON.stringify(sortObject(body)));",
							"    }",
							"   ",
							"    let baseString = method + '&' + url + '&' + responseData;",
							"    var sha512 = CryptoJS.HmacSHA512(baseString, key);",
							"    if (postman.getResponseHeader(\"signature\") == sha512.toString()) {",
							"         pm.expect(true).to.be.true;",
							"    } else {",
							"        pm.expect(false).to.be.true;",
							"    }",
							" ",
							"});"
						]
					}
				},
				{
					"listen": "prerequest",
					"script": {
						"type": "text/javascript",
						"exec": [
							"// dateAtClient",
							"const moment = require('moment');",
							"pm.environment.set(\"dateAtClient\", moment().toISOString());",
							"",
							"console.log(request);",
							"",
							"// signature",
							"",
							"// This is postman pre request script, change code wherever we used `pm`",
							"const cryptoJS = require(\"crypto-js\");",
							"",
							"//url and sorted query param",
							"let requestUrl = () => {",
							"    let query = {},",
							"        url = request.url.replace('{{host}}', pm.environment.get(\"host\"));",
							"",
							"    //pm.request.url.getQueryString() is postman method to  ",
							"    if (pm.request.url.getQueryString()) {",
							"        let baseUrl = url.split('?'),",
							"            ordered = {};",
							"",
							"        baseUrl = normaliseBaseUrl(baseUrl[0]);",
							"        console.log('baseuel' + baseUrl);",
							"        // pm.request.url.query.all() is postman method to get query parameters",
							"        pm.request.url.query.all().forEach((param) => { query[param.key] = param.value})",
							"",
							"        Object.keys(query).sort().forEach(function(key) {",
							"            ordered[key] = query[key];",
							"        });",
							"",
							"        let queryString = Object.keys(ordered).map(key => key + '=' + ordered[key]).join('&');",
							"        query = baseUrl + '?' + queryString;",
							"    }",
							"    else {",
							"        query = url;",
							"    }",
							"    return encodeURIComponent(query);",
							"}",
							"",
							"let sortObject = (object) =>  {",
							"    if (object instanceof Array) {",
							"        var sortedObj = [],",
							"            keys = Object.keys(object);",
							"    }",
							"    else {",
							"        sortedObj = {},",
							"            keys = Object.keys(object);",
							"    }",
							"",
							"    keys.sort(function(key1, key2) {",
							"        if(key1 < key2) return -1;",
							"        if(key1 > key2) return 1;",
							"        return 0;",
							"    });",
							"",
							"    for(var index in keys){",
							"        var key = keys[index];",
							"        if(typeof object[key] == 'object' ){",
							"",
							"            if ((object[key] instanceof Array)) {",
							"                sortedObj[key] = sortObject(object[key]);",
							"            }",
							"            sortedObj[key] = sortObject(object[key]);",
							"        } else {",
							"            sortedObj[key] = object[key];",
							"        }",
							"    }",
							"    return sortedObj;",
							"}",
							"",
							"let normaliseBaseUrl = (baseUrl) => {",
							"    let normalizedPort,",
							"        normalizedUrl,",
							"        data = baseUrl.split(':'),",
							"        scheme = data[0].toLowerCase();",
							"",
							"    if (pm.request.url.port == 80 && scheme == 'http') {",
							"        normalizedPort = data[2].substring(2);",
							"    }",
							"    else if (pm.request.url.port == 443 && scheme == 'https') {",
							"        normalizedPort = data[2].substring(2);",
							"    }",
							"",
							"    if (normalizedPort) {",
							"        normalizedUrl = scheme + ':' + data[1] + normalizedPort;",
							"    }",
							"    else if (data[2]) {",
							"        normalizedUrl = scheme + ':' + data[1] + ':' + data[2];",
							"    }",
							"    else {",
							"        normalizedUrl = scheme + ':' + data[1];",
							"    }",
							"    return normalizedUrl;",
							"}",
							"",
							"let query = null,",
							"    url = null;",
							"data = null;",
							"url = requestUrl(), // This is postman method to get request URL",
							"    method = request.method,",
							"    key = pm.variables.get(\"clientSecret\"), // This is postman method the get consumer sceret",
							"    body = null",
							"requestData = null;",
							"",
							"if (!_.isEmpty(request.data)) {",
							"    body = JSON.parse(request.data);",
							"}",
							"",
							"let baseString = method + '&' + url;",
							"if (body) {",
							"    requestData = encodeURIComponent(JSON.stringify(sortObject(body)));",
							"    baseString = method + '&' + url + '&' + requestData;",
							"}",
							"",
							"//setting it into environmental variable",
							"pm.environment.set(\"signature\", cryptoJS.HmacSHA512(baseString, key).toString());"
						]
					}
				}
			],
			"request": {
				"auth": {
					"type": "bearer",
					"bearer": [
						{
							"key": "token",
							"value": "{{bearerToken}}",
							"type": "string"
						}
					]
				},
				"method": "GET",
				"header": [
					{
						"key": "Content-Type",
						"value": "application/json",
						"type": "text"
					},
					{
						"key": "Accept",
						"value": "*/*",
						"type": "text"
					},
					{
						"key": "dateAtClient",
						"value": "{{dateAtClient}}",
						"type": "text"
					},
					{
						"key": "signature",
						"value": "{{signature}}",
						"type": "text"
					}
				],
				"url": {
					"raw": "{{host}}/rest/v3/order/8700000029/cards/?offset=1&limit=100",
					"host": [
						"{{host}}"
					],
					"path": [
						"rest",
						"v3",
						"order",
						"8700000029",
						"cards",
						""
					],
					"query": [
						{
							"key": "offset",
							"value": "1"
						},
						{
							"key": "limit",
							"value": "100"
						}
					]
				}
			},
			"response": []
		}
	],
	"event": [
		{
			"listen": "prerequest",
			"script": {
				"type": "text/javascript",
				"exec": [
					""
				]
			}
		},
		{
			"listen": "test",
			"script": {
				"type": "text/javascript",
				"exec": [
					""
				]
			}
		}
	]
}